<!DOCTYPE ANM2D>
<ROOT ObjNum="1" Version="4096" ImageNum="1">
    <OBJECT Name="New Object" LayerNum="3" LoopNum="0" No="0">
        <LAYER Name="Layer 0" FrameDataNum="1" No="0">
            <FRAMEDATA>
                <frame>0</frame>
                <pos>-1 -72 0</pos>
                <rot>0 0 0</rot>
                <center>56 70</center>
                <UV>19 3 130 142</UV>
                <ImageNo>0</ImageNo>
                <scale>1 1</scale>
                <UVAnime>0</UVAnime>
                <Color>255 255 255 255</Color>
            </FRAMEDATA>
        </LAYER>
        <LAYER Name="Layer 1" FrameDataNum="1" No="1">
            <FRAMEDATA>
                <frame>0</frame>
                <pos>-1 -23 1</pos>
                <rot>0 0 0</rot>
                <center>7 24</center>
                <UV>1 16 15 40</UV>
                <ImageNo>0</ImageNo>
                <scale>1 1</scale>
                <UVAnime>0</UVAnime>
                <Color>255 255 255 255</Color>
            </FRAMEDATA>
        </LAYER>
        <LAYER Name="Layer 2" FrameDataNum="1" No="2">
            <FRAMEDATA>
                <frame>0</frame>
                <pos>-1 -23 2</pos>
                <rot>0 0 0</rot>
                <center>7 24</center>
                <UV>1 16 15 40</UV>
                <ImageNo>0</ImageNo>
                <scale>1 0.82</scale>
                <UVAnime>0</UVAnime>
                <Color>255 255 255 255</Color>
            </FRAMEDATA>
        </LAYER>
    </OBJECT>
    <IMAGE No="0">
        <FilePath>../../sanrio/sanrio_Source/trunk/Smartphone2nd/Content/item/01251100.png</FilePath>
        <Size>156 153</Size>
    </IMAGE>
</ROOT>
