<!DOCTYPE ANM2D>
<ROOT ObjNum="1" Version="4096" ImageNum="1">
    <OBJECT Name="New Object" LayerNum="1" LoopNum="0" No="0">
        <LAYER Name="Layer 0" FrameDataNum="3" No="0">
            <FRAMEDATA>
                <frame>0</frame>
                <pos>-3 -23 0</pos>
                <rot>0 0 0</rot>
                <center>51 40</center>
                <UV>5 14 106 94</UV>
                <ImageNo>0</ImageNo>
                <scale>1 1</scale>
                <UVAnime>0</UVAnime>
                <Color>255 255 255 255</Color>
            </FRAMEDATA>
            <FRAMEDATA>
                <frame>30</frame>
                <pos>-3 -23 0</pos>
                <rot>0 0 0</rot>
                <center>51 40</center>
                <UV>10 118 111 198</UV>
                <ImageNo>0</ImageNo>
                <scale>1 1</scale>
                <UVAnime>0</UVAnime>
                <Color>255 255 255 255</Color>
            </FRAMEDATA>
            <FRAMEDATA>
                <frame>60</frame>
                <pos>-3 -23 0</pos>
                <rot>0 0 0</rot>
                <center>51 40</center>
                <UV>8 14 109 94</UV>
                <ImageNo>0</ImageNo>
                <scale>1 1</scale>
                <UVAnime>0</UVAnime>
                <Color>255 255 255 255</Color>
            </FRAMEDATA>
        </LAYER>
    </OBJECT>
    <IMAGE No="0">
        <FilePath>test.png</FilePath>
        <Size>142 205</Size>
    </IMAGE>
</ROOT>
